0.000000,0.000000,0.000000,0.000000,0.000000,0.000000,0.000000,0.000000,0.000000,0.000000,0.000000,0.000000,0.000000,0.000000,0.000000,0.000000,0.000000,0.000000,0.000000,0.000000,0.000000,0.000000,0.000000,0.000000,0.000000,0.000000,0.000000,0.000000,0.000000,0.000000,0.000000,0.000000,0.000000,0.000000,0.000000,0.000000,0.000000,0.000000,0.000000,0.000000,0.000000,0.000000,0.000000,0.000000,0.000000,0.000000,0.000000,0.000000,0.000000,0.000000,0.000000,0.000000,0.000000,0.000000,0.000000,0.000000,0.000000,0.000000,0.000000,0.000000,0.000000,0.000000,29.515385,141.714448,321.457176,404.774928,321.030901,141.126699,29.266803,0.000000,0.000000,0.000000,0.000000,0.000000,0.000000,0.000000,0.000000,0.000000,0.000000,28.355817,138.207422,318.968769,410.158715,331.653617,147.706620,30.807446,0.000000,0.000000,0.000000,0.000000,0.000000,0.000000,0.000000,0.000000,0.000000,29.944933,142.802073,323.101727,407.422828,325.444586,144.020466,30.057869,0.000000,0.000000,0.000000,0.000000,0.000000,0.000000,0.000000,0.000000,0.000000,38.256410,174.452699,378.291033,484.014349,451.987943,311.146212,131.172909,26.323593,0.000000,0.000000,0.000000,0.000000,0.000000,0.000000,0.000000,0.000000,0.000000,23.913767,120.581947,288.385032,391.236127,341.610400,178.938849,51.306821,5.260073,0.000000,0.000000,0.000000,0.000000,0.000000,0.000000,0.000000,0.000000,35.369963,164.329897,356.664582,452.101055,428.863508,305.179978,132.034485,27.073016,0.000000,0.000000,0.000000,0.000000,0.000000,0.000000,0.000000,0.000000,0.000000,25.722477,127.929193,299.327980,389.281532,315.172860,140.072992,29.019593,0.000000,0.000000,0.000000,0.000000,0.000000,0.000000,0.000000,0.000000,0.000000,31.576923,150.340932,339.032856,462.838744,473.274066,362.037923,163.813216,34.940204,0.000000,0.000000,0.000000,0.000000,0.000000,0.000000,0.000000,0.000000,0.000000,27.576007,135.147468,311.055486,396.331431,314.858075,137.986430
0.000000,0.000000,0.000000,0.000000,0.000000,0.000000,0.000000,0.000000,0.000000,0.000000,0.000000,0.000000,0.000000,0.000000,0.000000,0.000000,0.000000,0.000000,0.000000,0.000000,0.000000,0.000000,0.000000,0.000000,0.000000,0.000000,0.000000,0.000000,0.000000,0.000000,0.000000,0.000000,0.000000,0.000000,0.000000,0.000000,0.000000,0.000000,0.000000,0.000000,0.000000,0.000000,0.000000,0.000000,0.000000,0.000000,0.000000,0.000000,0.000000,0.000000,0.000000,0.000000,0.000000,0.000000,0.000000,0.000000,0.000000,0.000000,0.000000,0.000000,0.000000,0.000000,30.439076,151.170921,349.548832,445.867521,356.279820,156.392019,31.884625,0.000000,0.000000,0.000000,0.000000,0.000000,0.000000,0.000000,0.000000,0.000000,0.000000,31.106811,153.920174,356.436320,456.659529,367.952674,162.841658,33.536097,0.000000,0.000000,0.000000,0.000000,0.000000,0.000000,0.000000,0.000000,0.000000,29.990476,149.166126,346.799339,445.910758,361.368409,160.694665,33.222949,0.000000,0.000000,0.000000,0.000000,0.000000,0.000000,0.000000,0.000000,0.000000,21.860806,120.401521,303.623907,450.416452,463.351407,331.485462,137.921976,26.789655,0.000000,0.000000,0.000000,0.000000,0.000000,0.000000,0.000000,0.000000,0.000000,26.578989,134.789384,321.737752,438.356484,393.568334,221.623109,71.981718,10.424908,0.000000,0.000000,0.000000,0.000000,0.000000,0.000000,0.000000,0.000000,38.981685,180.619622,391.562359,492.341457,461.512657,323.045972,136.419625,26.818071,0.000000,0.000000,0.000000,0.000000,0.000000,0.000000,0.000000,0.000000,0.000000,29.826414,147.847286,343.631187,443.481012,359.677069,164.320340,36.645456,1.227106,0.000000,0.000000,0.000000,0.000000,0.000000,0.000000,0.000000,0.000000,26.217949,134.167190,323.192922,470.336485,502.399370,390.496217,175.048141,36.357428,0.000000,0.000000,0.000000,0.000000,0.000000,0.000000,0.000000,0.000000,0.000000,30.437241,150.384721,346.761440,440.740917,350.582655,153.267773
0.000000,0.000000,0.000000,0.000000,0.000000,0.000000,0.000000,0.000000,0.000000,0.000000,0.000000,0.000000,0.000000,0.000000,0.000000,0.000000,0.000000,0.000000,0.000000,0.000000,0.000000,0.000000,0.000000,0.000000,0.000000,0.000000,0.000000,0.000000,0.000000,0.000000,0.000000,0.000000,0.000000,0.000000,0.000000,0.000000,0.000000,0.000000,0.000000,0.000000,0.000000,0.000000,0.000000,0.000000,0.000000,0.000000,0.000000,0.000000,0.000000,0.000000,0.000000,0.000000,0.000000,0.000000,0.000000,0.000000,0.000000,0.000000,0.000000,0.000000,0.000000,0.000000,26.698157,132.348995,308.955542,394.620034,316.752784,138.209882,28.189502,0.000000,0.000000,0.000000,0.000000,0.000000,0.000000,0.000000,0.000000,0.000000,0.000000,28.742007,140.590060,323.105541,406.612569,322.565586,139.897585,28.461242,0.000000,0.000000,0.000000,0.000000,0.000000,0.000000,0.000000,0.000000,0.000000,26.985714,133.452606,311.530037,399.823164,323.619014,142.273868,29.187780,0.000000,0.000000,0.000000,0.000000,0.000000,0.000000,0.000000,0.000000,0.000000,8.589744,62.198415,197.631396,349.545191,397.730854,298.507136,125.500716,24.798329,0.000000,0.000000,0.000000,0.000000,0.000000,0.000000,0.000000,0.000000,0.000000,25.411470,126.465638,298.247132,401.809223,371.504063,228.429493,81.844237,13.168498,0.000000,0.000000,0.000000,0.000000,0.000000,0.000000,0.000000,0.000000,27.531136,135.668937,311.925317,417.884336,405.925680,286.516422,119.236832,23.336132,0.000000,0.000000,0.000000,0.000000,0.000000,0.000000,0.000000,0.000000,0.000000,26.200804,131.432568,308.721231,403.325722,340.150555,171.681216,47.981713,4.908425,0.000000,0.000000,0.000000,0.000000,0.000000,0.000000,0.000000,0.000000,17.144689,96.492489,252.874079,392.519919,435.583217,343.218834,152.689106,31.777360,0.000000,0.000000,0.000000,0.000000,0.000000,0.000000,0.000000,0.000000,0.000000,28.023016,137.440888,316.827208,400.158235,319.108238,139.053355
0.000000,0.000000,0.000000,0.000000,0.000000,0.000000,0.000000,0.000000,0.000000,0.000000,0.000000,0.000000,0.000000,0.000000,0.000000,0.000000,0.000000,0.000000,0.000000,0.000000,0.000000,0.000000,0.000000,0.000000,0.000000,0.000000,0.000000,0.000000,0.000000,0.000000,0.000000,0.000000,0.000000,0.000000,0.000000,0.000000,0.000000,0.000000,0.000000,0.000000,0.000000,0.000000,0.000000,0.000000,0.000000,0.000000,0.000000,0.000000,0.000000,0.000000,0.000000,0.000000,0.000000,0.000000,0.000000,0.000000,0.000000,0.000000,0.000000,0.000000,0.000000,0.000000,31.477849,158.215295,373.510282,484.380653,391.802246,170.583459,34.612828,0.000000,0.000000,0.000000,0.000000,0.000000,0.000000,0.000000,0.000000,0.000000,0.000000,34.080891,167.938129,388.943247,490.550292,392.429781,169.501795,34.417321,0.000000,0.000000,0.000000,0.000000,0.000000,0.000000,0.000000,0.000000,0.000000,35.105250,173.089718,400.011382,499.252347,390.511319,166.744521,33.462465,0.000000,0.000000,0.000000,0.000000,0.000000,0.000000,0.000000,0.000000,0.000000,14.164835,90.214709,259.164374,443.008572,502.688662,388.716416,167.857376,33.991853,0.000000,0.000000,0.000000,0.000000,0.000000,0.000000,0.000000,0.000000,0.000000,35.635710,173.703625,398.590649,516.422204,479.523817,309.298833,120.556271,21.970696,0.000000,0.000000,0.000000,0.000000,0.000000,0.000000,0.000000,0.000000,25.849817,135.848984,339.461655,488.959731,502.761634,368.719467,155.831747,31.181892,0.000000,0.000000,0.000000,0.000000,0.000000,0.000000,0.000000,0.000000,0.000000,32.138380,161.523695,381.918141,497.587857,423.163245,219.542221,66.057102,8.589744,0.000000,0.000000,0.000000,0.000000,0.000000,0.000000,0.000000,0.000000,21.159341,117.571256,306.951371,487.590127,537.678611,419.256909,183.633471,37.693469,0.000000,0.000000,0.000000,0.000000,0.000000,0.000000,0.000000,0.000000,0.000000,35.567155,174.238163,402.181190,504.543486,403.409166,175.090685
0.000000,0.000000,0.000000,0.000000,0.000000,0.000000,0.000000,0.000000,0.000000,0.000000,0.000000,0.000000,0.000000,0.000000,0.000000,0.000000,0.000000,0.000000,0.000000,0.000000,0.000000,0.000000,0.000000,0.000000,0.000000,0.000000,0.000000,0.000000,0.000000,0.000000,0.000000,0.000000,0.000000,0.000000,0.000000,0.000000,0.000000,0.000000,0.000000,0.000000,0.000000,0.000000,0.000000,0.000000,0.000000,0.000000,0.000000,0.000000,0.000000,0.000000,0.000000,0.000000,0.000000,0.000000,0.000000,0.000000,0.000000,0.000000,0.000000,0.000000,0.000000,0.000000,61.971436,312.633470,744.952100,968.943272,789.196535,345.243597,70.055569,0.000000,0.000000,0.000000,0.000000,0.000000,0.000000,0.000000,0.000000,0.000000,18.058608,138.597283,456.419566,844.280336,1006.802578,799.160015,350.189120,71.366409,0.000000,0.000000,0.000000,0.000000,0.000000,0.000000,0.000000,0.000000,0.000000,75.612291,371.077245,840.757015,1016.051045,768.645077,320.256314,63.047090,0.000000,0.000000,0.000000,0.000000,0.000000,0.000000,0.000000,0.000000,0.000000,48.670330,254.976134,642.075929,959.868316,1038.787671,805.903090,354.003426,72.571684,0.000000,0.000000,0.000000,0.000000,0.000000,0.000000,0.000000,0.000000,0.000000,78.701855,378.705523,848.846436,1055.050244,896.058596,497.568928,167.723230,26.084249,0.000000,0.000000,0.000000,0.000000,0.000000,0.000000,0.000000,0.000000,46.351648,254.649216,640.507182,965.636744,1026.874690,788.438318,343.352722,70.058734,0.000000,0.000000,0.000000,0.000000,0.000000,0.000000,0.000000,0.000000,0.000000,66.323972,332.718467,775.664202,988.366101,796.393787,365.047990,86.339808,4.908425,0.000000,0.000000,0.000000,0.000000,0.000000,0.000000,0.000000,0.000000,24.831502,168.328872,514.599507,940.553213,1097.381863,871.800771,383.655979,79.058289,0.000000,0.000000,0.000000,0.000000,0.000000,0.000000,0.000000,0.000000,0.000000,70.373748,346.675857,798.557369,1003.647720,796.475432,345.498547
0.000000,0.000000,0.000000,0.000000,0.000000,0.000000,0.000000,0.000000,0.000000,0.000000,0.000000,0.000000,0.000000,0.000000,0.000000,0.000000,0.000000,0.000000,0.000000,0.000000,0.000000,0.000000,0.000000,0.000000,0.000000,0.000000,0.000000,0.000000,0.000000,0.000000,0.000000,0.000000,0.000000,0.000000,0.000000,0.000000,0.000000,0.000000,0.000000,0.000000,0.000000,0.000000,0.000000,0.000000,0.000000,0.000000,0.000000,0.000000,0.000000,0.000000,0.000000,0.000000,0.000000,0.000000,0.000000,0.000000,0.000000,0.000000,0.000000,0.000000,0.000000,0.000000,134.886812,669.150266,1550.774325,1967.108865,1579.609647,694.536376,142.529087,0.000000,0.000000,0.000000,0.000000,0.000000,0.000000,0.000000,0.000000,0.000000,96.315018,522.566864,1316.138670,1955.951847,2090.058600,1588.663902,694.446654,142.352638,0.000000,0.000000,0.000000,0.000000,0.000000,0.000000,0.000000,0.000000,0.000000,160.230484,768.356884,1703.634968,2059.944173,1625.554144,800.118671,217.163410,22.362637,0.000000,0.000000,0.000000,0.000000,0.000000,0.000000,0.000000,0.000000,104.692308,552.076120,1345.358353,1975.468877,2101.793753,1625.571457,722.249048,149.679776,0.000000,0.000000,0.000000,0.000000,0.000000,0.000000,0.000000,0.000000,0.000000,164.078568,781.949345,1743.091861,2122.848137,1679.524771,782.831800,194.605777,13.336996,0.000000,0.000000,0.000000,0.000000,0.000000,0.000000,0.000000,0.000000,93.547619,499.458814,1279.397143,1962.455436,2107.395233,1614.515378,714.592468,148.411963,0.000000,0.000000,0.000000,0.000000,0.000000,0.000000,0.000000,0.000000,0.000000,134.182998,663.129692,1537.925530,1960.044153,1562.043656,683.094065,141.043360,1.227106,0.000000,0.000000,0.000000,0.000000,0.000000,0.000000,0.000000,0.000000,37.027473,305.202942,1011.946594,1879.695557,2224.548137,1785.314979,798.499413,167.648413,0.000000,0.000000,0.000000,0.000000,0.000000,0.000000,0.000000,0.000000,0.000000,140.810222,686.251812,1567.547161,1953.428352,1533.518695,662.656196
0.000000,0.000000,0.000000,0.000000,0.000000,0.000000,0.000000,0.000000,0.000000,0.000000,0.000000,0.000000,0.000000,0.000000,0.000000,0.000000,0.000000,0.000000,0.000000,0.000000,0.000000,0.000000,0.000000,0.000000,0.000000,0.000000,0.000000,0.000000,0.000000,0.000000,0.000000,0.000000,0.000000,0.000000,0.000000,0.000000,0.000000,0.000000,0.000000,0.000000,0.000000,0.000000,0.000000,0.000000,0.000000,0.000000,0.000000,0.000000,0.000000,0.000000,0.000000,0.000000,0.000000,0.000000,0.000000,0.000000,0.000000,0.000000,0.000000,0.000000,0.000000,0.000000,240.434158,1147.263749,2569.409098,3161.834972,2481.108057,1081.909249,223.235523,0.000000,0.000000,0.000000,0.000000,0.000000,0.000000,0.000000,0.000000,0.000000,222.732601,1079.101877,2463.275618,3351.758566,3334.214938,2431.462097,1047.968028,211.415975,0.000000,0.000000,0.000000,0.000000,0.000000,0.000000,0.000000,0.000000,0.000000,248.572273,1180.988415,2612.731535,3242.700708,2775.028278,1615.514645,567.909083,89.450549,0.000000,0.000000,0.000000,0.000000,0.000000,0.000000,0.000000,0.000000,166.815018,855.213346,2107.582496,3145.451413,3342.369169,2556.627984,1134.601029,236.752797,0.000000,0.000000,0.000000,0.000000,0.000000,0.000000,0.000000,0.000000,0.000000,256.281768,1229.867050,2739.551164,3335.649967,2591.571962,1133.687844,238.909623,3.029304,0.000000,0.000000,0.000000,0.000000,0.000000,0.000000,0.000000,0.000000,126.556777,749.024576,1980.428592,3088.166176,3278.396314,2446.461224,1062.427914,219.615497,0.000000,0.000000,0.000000,0.000000,0.000000,0.000000,0.000000,0.000000,0.000000,203.848962,1015.082115,2360.967206,3022.991219,2420.088516,1062.524889,217.126069,0.000000,0.000000,0.000000,0.000000,0.000000,0.000000,0.000000,0.000000,0.000000,112.661783,703.905091,1943.884271,3170.073221,3536.561057,2801.664220,1263.759387,268.459341,0.000000,0.000000,0.000000,0.000000,0.000000,0.000000,0.000000,0.000000,0.000000,225.868023,1095.667716,2466.713560,3025.246531,2347.177188,1009.458082
0.000000,0.000000,0.000000,0.000000,0.000000,0.000000,0.000000,0.000000,0.000000,0.000000,0.000000,0.000000,0.000000,0.000000,0.000000,0.000000,0.000000,0.000000,0.000000,0.000000,0.000000,0.000000,0.000000,0.000000,0.000000,0.000000,0.000000,0.000000,0.000000,0.000000,0.000000,0.000000,0.000000,0.000000,0.000000,0.000000,0.000000,0.000000,0.000000,0.000000,0.000000,0.000000,0.000000,0.000000,0.000000,0.000000,0.000000,0.000000,0.000000,0.000000,0.000000,0.000000,0.000000,0.000000,0.000000,0.000000,0.000000,0.000000,0.000000,0.000000,0.000000,0.000000,305.756776,1453.454517,3223.437982,3911.393828,3025.126614,1304.750272,267.002315,0.000000,0.000000,0.000000,0.000000,0.000000,0.000000,0.000000,0.000000,0.000000,256.566545,1259.616450,2929.098420,4047.960689,4041.314234,2940.246703,1263.875811,255.803083,0.000000,0.000000,0.000000,0.000000,0.000000,0.000000,0.000000,0.000000,0.000000,287.350509,1376.682759,3086.789780,3965.660279,3597.935446,2282.541752,888.020708,166.553114,0.000000,0.000000,0.000000,0.000000,0.000000,0.000000,0.000000,0.000000,159.190476,928.738319,2440.927384,3787.635593,4078.203885,3118.952709,1372.457965,284.211899,0.000000,0.000000,0.000000,0.000000,0.000000,0.000000,0.000000,0.000000,0.000000,310.892041,1475.450341,3287.969754,4024.185137,3140.154882,1362.520148,280.238963,0.000000,0.000000,0.000000,0.000000,0.000000,0.000000,0.000000,0.000000,0.000000,179.395604,971.119027,2497.766054,3792.960276,3903.034012,2794.235366,1167.441930,230.704186,0.000000,0.000000,0.000000,0.000000,0.000000,0.000000,0.000000,0.000000,0.000000,258.758195,1267.979604,2913.466488,3680.715380,2919.087397,1274.097295,260.649017,0.000000,0.000000,0.000000,0.000000,0.000000,0.000000,0.000000,0.000000,0.000000,220.115995,1138.678068,2779.498604,4120.897939,4355.231565,3381.419058,1527.571659,324.929984,0.000000,0.000000,0.000000,0.000000,0.000000,0.000000,0.000000,0.000000,0.000000,301.501221,1426.432132,3150.971119,3805.873399,2952.855844,1308.628896
0.000000,0.000000,0.000000,0.000000,0.000000,0.000000,0.000000,0.000000,0.000000,0.000000,0.000000,0.000000,0.000000,0.000000,0.000000,0.000000,0.000000,0.000000,0.000000,0.000000,0.000000,0.000000,0.000000,0.000000,0.000000,0.000000,0.000000,0.000000,0.000000,0.000000,0.000000,0.000000,0.000000,0.000000,0.000000,0.000000,0.000000,0.000000,0.000000,0.000000,0.000000,0.000000,0.000000,0.000000,0.000000,0.000000,0.000000,0.000000,0.000000,0.000000,0.000000,0.000000,0.000000,0.000000,0.000000,0.000000,0.000000,0.000000,0.000000,0.000000,0.000000,0.000000,310.952388,1490.102105,3324.456594,4041.837140,3120.721885,1339.099822,271.821577,0.000000,0.000000,0.000000,0.000000,0.000000,0.000000,0.000000,0.000000,0.000000,177.452991,1004.017081,2579.570239,3902.170980,4115.549910,3077.336056,1332.721960,272.436288,0.000000,0.000000,0.000000,0.000000,0.000000,0.000000,0.000000,0.000000,0.000000,280.432407,1364.554517,3115.892287,4039.780989,3629.047227,2205.041867,798.394421,129.509158,0.000000,0.000000,0.000000,0.000000,0.000000,0.000000,0.000000,0.000000,183.210623,1004.055404,2583.841865,3984.175741,4265.777809,3248.280354,1428.312736,296.490820,0.000000,0.000000,0.000000,0.000000,0.000000,0.000000,0.000000,0.000000,0.000000,296.486347,1437.532011,3259.939235,4056.758835,3210.034690,1403.693783,288.826287,0.000000,0.000000,0.000000,0.000000,0.000000,0.000000,0.000000,0.000000,0.000000,175.622711,996.868983,2572.375765,3876.063923,3992.917300,2875.850748,1201.954566,237.382732,0.000000,0.000000,0.000000,0.000000,0.000000,0.000000,0.000000,0.000000,0.000000,280.378688,1365.061017,3096.650696,3844.229500,3001.194774,1291.155972,260.471422,0.000000,0.000000,0.000000,0.000000,0.000000,0.000000,0.000000,0.000000,0.000000,184.452991,1024.550496,2629.509251,4071.455542,4390.406538,3408.474174,1524.849594,322.082875,0.000000,0.000000,0.000000,0.000000,0.000000,0.000000,0.000000,0.000000,0.000000,325.877486,1535.874335,3377.063852,4078.219745,3231.120469,1531.977558
0.000000,0.000000,0.000000,0.000000,0.000000,0.000000,0.000000,0.000000,0.000000,0.000000,0.000000,0.000000,0.000000,0.000000,0.000000,0.000000,0.000000,0.000000,0.000000,0.000000,0.000000,0.000000,0.000000,0.000000,0.000000,0.000000,0.000000,0.000000,0.000000,0.000000,0.000000,0.000000,0.000000,0.000000,0.000000,0.000000,0.000000,0.000000,0.000000,0.000000,0.000000,0.000000,0.000000,0.000000,0.000000,0.000000,0.000000,0.000000,0.000000,0.000000,0.000000,0.000000,0.000000,0.000000,0.000000,0.000000,0.000000,0.000000,0.000000,0.000000,0.000000,0.000000,290.515944,1402.425060,3160.834882,3880.874550,3018.969081,1299.539626,264.131407,0.000000,0.000000,0.000000,0.000000,0.000000,0.000000,0.000000,0.000000,0.000000,134.456654,787.222426,2177.861130,3598.074648,3973.923367,3019.925482,1311.280013,268.056636,0.000000,0.000000,0.000000,0.000000,0.000000,0.000000,0.000000,0.000000,0.000000,266.004396,1309.564364,3019.497250,3914.350797,3397.784614,1899.373818,622.127307,92.465201,0.000000,0.000000,0.000000,0.000000,0.000000,0.000000,0.000000,0.000000,152.556777,867.648950,2306.818315,3714.899138,4082.260263,3145.248072,1384.074100,285.849018,0.000000,0.000000,0.000000,0.000000,0.000000,0.000000,0.000000,0.000000,0.000000,276.937063,1353.186855,3099.954338,3890.488980,3092.053345,1350.280866,276.419153,0.000000,0.000000,0.000000,0.000000,0.000000,0.000000,0.000000,0.000000,0.000000,230.860806,1170.596647,2813.686379,3999.059413,4067.428658,2981.926731,1283.883056,260.948230,0.000000,0.000000,0.000000,0.000000,0.000000,0.000000,0.000000,0.000000,0.000000,282.381294,1369.235666,3097.915046,3842.743411,3049.518987,1403.102866,329.090169,17.278388,0.000000,0.000000,0.000000,0.000000,0.000000,0.000000,0.000000,0.000000,91.394383,654.007984,2007.708096,3524.620916,4034.905101,3151.315454,1383.419100,285.020006,0.000000,0.000000,0.000000,0.000000,0.000000,0.000000,0.000000,0.000000,0.000000,308.940869,1471.747864,3268.890558,4006.188879,3254.140281,1621.851757
0.000000,0.000000,0.000000,0.000000,0.000000,0.000000,0.000000,0.000000,0.000000,0.000000,0.000000,0.000000,0.000000,0.000000,0.000000,0.000000,0.000000,0.000000,0.000000,0.000000,0.000000,0.000000,0.000000,0.000000,0.000000,0.000000,0.000000,0.000000,0.000000,0.000000,0.000000,0.000000,0.000000,0.000000,0.000000,0.000000,0.000000,0.000000,0.000000,0.000000,0.000000,0.000000,0.000000,0.000000,0.000000,0.000000,0.000000,0.000000,0.000000,0.000000,0.000000,0.000000,0.000000,0.000000,0.000000,0.000000,0.000000,0.000000,0.000000,0.000000,0.000000,0.000000,282.449491,1367.949385,3092.000953,3833.612197,3062.781513,1425.094844,339.210654,18.912088,0.000000,0.000000,0.000000,0.000000,0.000000,0.000000,0.000000,0.000000,63.072039,523.653640,1735.235352,3278.503152,3845.151805,2981.691661,1291.521660,262.228325,0.000000,0.000000,0.000000,0.000000,0.000000,0.000000,0.000000,0.000000,0.000000,268.487821,1316.524781,3023.657880,3847.310571,3177.778604,1571.657177,426.981959,40.058608,0.000000,0.000000,0.000000,0.000000,0.000000,0.000000,0.000000,0.000000,66.474359,536.067238,1760.381307,3301.011678,3908.806780,3089.038787,1379.440751,356.361355,132.487179,75.706960,18.926740,0.000000,0.000000,0.000000,0.000000,0.000000,0.000000,278.191392,1353.511314,3082.675128,3847.865581,3034.552315,1335.996863,344.352590,132.487179,75.706960,18.926740,0.000000,0.000000,0.000000,0.000000,0.000000,0.000000,255.183150,1268.864647,2944.811990,4077.824153,4121.544929,3068.995635,1342.283606,275.527579,0.000000,0.000000,0.000000,0.000000,0.000000,0.000000,0.000000,0.000000,0.000000,279.718719,1357.598629,3080.332757,3893.110093,3280.807868,1770.732583,617.860755,201.600733,75.706960,18.926740,0.000000,0.000000,0.000000,0.000000,0.000000,0.000000,102.119658,681.525497,2009.168803,3447.348917,3920.216076,3067.658729,1411.555677,407.429489,75.706960,18.926740,0.000000,0.000000,0.000000,0.000000,0.000000,0.000000,0.000000,288.180861,1387.029514,3128.254467,3890.542909,3152.850443,1509.602002
0.000000,0.000000,0.000000,0.000000,0.000000,0.000000,0.000000,0.000000,0.000000,0.000000,0.000000,0.000000,0.000000,0.000000,0.000000,0.000000,0.000000,0.000000,0.000000,0.000000,0.000000,0.000000,0.000000,0.000000,0.000000,0.000000,0.000000,0.000000,0.000000,0.000000,0.000000,0.000000,0.000000,0.000000,0.000000,0.000000,0.000000,0.000000,0.000000,0.000000,0.000000,0.000000,0.000000,0.000000,0.000000,0.000000,0.000000,0.000000,0.000000,0.000000,0.000000,0.000000,0.000000,0.000000,0.000000,0.000000,0.000000,0.000000,0.000000,0.000000,0.000000,0.000000,294.887271,1414.946660,3182.868692,4019.250539,3459.360775,1959.697812,650.651036,93.893773,0.000000,0.000000,0.000000,0.000000,0.000000,0.000000,0.000000,0.000000,33.372405,409.523785,1584.918816,3231.194640,3929.457493,3090.007167,1346.050923,274.940230,0.000000,0.000000,0.000000,0.000000,0.000000,0.000000,0.000000,0.000000,0.000000,282.414103,1378.140935,3144.685473,3947.226382,3150.654616,1422.683420,316.089453,10.014652,0.000000,0.000000,0.000000,0.000000,0.000000,0.000000,0.000000,0.000000,30.380952,396.609137,1556.943609,3212.948418,3952.578001,3152.529133,1464.886323,589.523321,492.095238,302.827839,75.706960,0.000000,0.000000,0.000000,0.000000,0.000000,0.000000,288.329670,1399.503516,3175.437126,3947.863101,3100.230126,1417.973975,576.093714,492.095238,302.827839,75.706960,0.000000,0.000000,0.000000,0.000000,0.000000,0.000000,231.353480,1171.465101,2818.673994,4041.963035,4193.457976,3156.467827,1382.204706,284.260460,0.000000,0.000000,0.000000,0.000000,0.000000,0.000000,0.000000,0.000000,0.000000,286.903882,1390.044101,3158.193487,4073.552292,3628.187232,2255.347427,1095.183439,629.164835,302.827839,75.706960,0.000000,0.000000,0.000000,0.000000,0.000000,0.000000,203.190476,1054.181711,2591.157992,3874.858693,4121.359884,3217.416877,1686.736059,777.817953,302.827839,75.706960,0.000000,0.000000,0.000000,0.000000,0.000000,0.000000,0.000000,276.994505,1351.634065,3095.342884,3902.846536,3139.357334,1416.430157
0.000000,0.000000,0.000000,0.000000,0.000000,0.000000,0.000000,0.000000,0.000000,0.000000,0.000000,0.000000,0.000000,0.000000,0.000000,0.000000,0.000000,0.000000,0.000000,0.000000,0.000000,0.000000,0.000000,0.000000,0.000000,0.000000,0.000000,0.000000,0.000000,0.000000,0.000000,0.000000,0.000000,0.000000,0.000000,0.000000,0.000000,0.000000,0.000000,0.000000,0.000000,0.000000,0.000000,0.000000,0.000000,0.000000,0.000000,0.000000,0.000000,0.000000,0.000000,0.000000,0.000000,0.000000,0.000000,0.000000,0.000000,0.000000,0.000000,0.000000,0.000000,0.000000,299.909890,1445.224828,3267.261415,4262.520529,3992.719649,2651.867186,1072.462753,205.366300,0.000000,0.000000,0.000000,0.000000,0.000000,0.000000,0.000000,0.000000,70.417582,570.783524,1869.363277,3517.539961,4151.249527,3255.626542,1426.880867,293.020205,0.000000,0.000000,0.000000,0.000000,0.000000,0.000000,0.000000,0.000000,0.000000,295.408303,1434.529162,3268.600369,4107.084626,3301.568283,1525.429370,354.883039,16.622711,0.000000,0.000000,0.000000,0.000000,0.000000,0.000000,0.000000,0.000000,71.150183,567.471606,1847.363695,3472.908632,4137.514371,3326.015113,1695.066021,862.280647,794.978022,492.095238,132.487179,0.000000,0.000000,0.000000,0.000000,0.000000,0.000000,292.560440,1426.433252,3256.427218,4076.129930,3238.525262,1607.695651,910.399795,851.923077,511.076923,132.487179,0.000000,0.000000,0.000000,0.000000,0.000000,0.000000,186.490842,1037.924961,2650.341527,3997.706828,4271.674545,3250.717859,1422.039034,291.613283,0.000000,0.000000,0.000000,0.000000,0.000000,0.000000,0.000000,0.000000,0.000000,299.322344,1449.720935,3290.057561,4229.164684,3774.316135,2415.468469,1317.230120,909.593407,492.095238,132.487179,0.000000,0.000000,0.000000,0.000000,0.000000,0.000000,233.613553,1180.465130,2838.164148,4108.131975,4293.007524,3377.510433,1915.508644,1068.454991,492.095238,132.487179,0.000000,0.000000,0.000000,0.000000,0.000000,0.000000,0.000000,284.261142,1389.922941,3193.580535,4037.867031,3232.593758,1420.682518
0.000000,0.000000,0.000000,0.000000,0.000000,0.000000,0.000000,0.000000,0.000000,0.000000,0.000000,0.000000,0.000000,0.000000,0.000000,0.000000,0.000000,0.000000,0.000000,0.000000,0.000000,0.000000,0.000000,0.000000,0.000000,0.000000,0.000000,0.000000,0.000000,0.000000,0.000000,0.000000,0.000000,0.000000,0.000000,0.000000,0.000000,0.000000,0.000000,0.000000,0.000000,0.000000,0.000000,0.000000,0.000000,0.000000,0.000000,0.000000,0.000000,0.000000,0.000000,0.000000,0.000000,0.000000,0.000000,0.000000,0.000000,0.000000,0.000000,0.000000,0.000000,0.000000,299.665934,1458.724516,3330.301224,4378.300152,4100.857103,2695.597498,1076.187362,203.366300,0.000000,0.000000,0.000000,0.000000,0.000000,0.000000,0.000000,0.000000,143.538462,842.581892,2341.767309,3918.004180,4395.360003,3396.196676,1491.175737,307.276252,0.000000,0.000000,0.000000,0.000000,0.000000,0.000000,0.000000,0.000000,0.000000,296.688339,1454.309682,3332.922188,4256.019885,3586.721311,1878.706225,561.158694,66.490842,0.000000,0.000000,0.000000,0.000000,0.000000,0.000000,0.000000,0.000000,142.124542,823.861432,2281.200667,3826.346147,4396.716990,3653.315466,2040.276083,908.597558,568.021978,302.827839,75.706960,0.000000,0.000000,0.000000,0.000000,0.000000,0.000000,294.172894,1443.850833,3316.587493,4181.046501,3400.257151,1830.997926,1093.101090,795.802198,378.754579,75.706960,0.000000,0.000000,0.000000,0.000000,0.000000,0.000000,220.670330,1143.187340,2817.685955,4189.294248,4425.012150,3346.046705,1464.120667,300.844918,0.000000,0.000000,0.000000,0.000000,0.000000,0.000000,0.000000,0.000000,0.000000,316.107928,1523.899894,3439.556842,4381.605406,3830.410129,2309.523505,1088.400296,622.219780,302.827839,75.706960,0.000000,0.000000,0.000000,0.000000,0.000000,0.000000,181.827839,1023.886224,2638.895248,4045.666085,4363.605913,3408.679312,1760.485020,790.808929,302.827839,75.706960,0.000000,0.000000,0.000000,0.000000,0.000000,0.000000,0.000000,300.208791,1463.603124,3346.423558,4207.204899,3344.793371,1461.068447
0.000000,0.000000,0.000000,0.000000,0.000000,0.000000,0.000000,0.000000,0.000000,0.000000,0.000000,0.000000,0.000000,0.000000,0.000000,0.000000,0.000000,0.000000,0.000000,0.000000,0.000000,0.000000,0.000000,0.000000,0.000000,0.000000,0.000000,0.000000,0.000000,0.000000,0.000000,0.000000,0.000000,0.000000,0.000000,0.000000,0.000000,0.000000,0.000000,0.000000,0.000000,0.000000,0.000000,0.000000,0.000000,0.000000,0.000000,0.000000,0.000000,0.000000,0.000000,0.000000,0.000000,0.000000,0.000000,0.000000,0.000000,0.000000,0.000000,0.000000,0.000000,0.000000,311.284615,1516.849521,3468.996081,4470.117750,3913.900548,2258.047888,755.240509,110.842491,0.000000,0.000000,0.000000,0.000000,0.000000,0.000000,0.000000,0.000000,151.648352,927.605526,2542.976793,4154.519703,4599.387949,3543.578986,1553.267423,319.873874,0.000000,0.000000,0.000000,0.000000,0.000000,0.000000,0.000000,0.000000,0.000000,306.495221,1501.948305,3448.914351,4462.272410,3878.846069,2181.101489,737.722290,116.358974,0.000000,0.000000,0.000000,0.000000,0.000000,0.000000,0.000000,0.000000,165.029304,969.368518,2596.575796,4128.731178,4670.076559,3973.063962,2318.655840,881.185570,265.358974,75.706960,18.926740,0.000000,0.000000,0.000000,0.000000,0.000000,0.000000,306.632509,1498.037948,3437.905369,4364.951510,3707.593217,2267.488431,1392.281662,726.069597,227.706960,18.926740,0.000000,0.000000,0.000000,0.000000,0.000000,0.000000,210.959707,1126.503908,2838.809046,4296.434074,4606.091228,3563.827630,1660.370025,389.991101,19.128205,0.000000,0.000000,0.000000,0.000000,0.000000,0.000000,0.000000,0.000000,332.896808,1602.163757,3605.664449,4503.879188,3733.060834,1943.081741,641.387895,196.970696,75.706960,18.926740,0.000000,0.000000,0.000000,0.000000,0.000000,0.000000,188.404762,1019.596670,2656.018580,4160.257188,4542.013045,3493.957508,1598.464610,445.187624,75.706960,18.926740,0.000000,0.000000,0.000000,0.000000,0.000000,0.000000,0.000000,313.827643,1529.967200,3495.501439,4386.182265,3478.255054,1515.446983
141.923077,81.098901,20.274725,0.000000,0.000000,0.000000,0.000000,0.000000,0.000000,0.000000,0.000000,0.000000,0.000000,0.000000,0.000000,0.000000,0.000000,0.000000,0.000000,0.000000,0.000000,0.000000,0.000000,0.000000,0.000000,0.000000,0.000000,0.000000,0.000000,0.000000,0.000000,0.000000,0.000000,0.000000,0.000000,0.000000,0.000000,0.000000,0.000000,0.000000,0.000000,0.000000,0.000000,0.000000,0.000000,0.000000,0.000000,0.000000,0.000000,0.000000,0.000000,0.000000,0.000000,0.000000,0.000000,0.000000,0.000000,0.000000,0.000000,0.000000,0.000000,0.000000,326.678755,1592.174476,3637.490721,4666.099269,4006.355420,2205.487494,700.742388,94.040293,0.000000,0.000000,0.000000,0.000000,0.000000,0.000000,0.000000,0.000000,181.919414,1022.897359,2741.086178,4401.657273,4837.673745,3702.823663,1620.939370,333.175539,0.000000,0.000000,0.000000,0.000000,0.000000,0.000000,0.000000,0.000000,0.000000,319.839124,1571.561148,3613.313198,4641.870690,3939.601121,2105.651816,642.958539,80.509158,0.000000,0.000000,0.000000,0.000000,0.000000,0.000000,0.000000,0.000000,257.289377,1324.875514,3223.841875,4659.199091,4903.922457,3901.001119,2053.137243,621.208281,75.926740,0.000000,0.000000,0.000000,0.000000,0.000000,0.000000,0.000000,23.241758,408.999023,1713.217581,3664.342678,4674.923876,4255.129104,2977.776341,1786.458789,726.783883,152.439560,0.000000,0.000000,0.000000,0.000000,0.000000,0.000000,0.000000,198.857143,1125.234213,2918.759020,4460.665821,4881.821042,3981.065603,2110.572329,638.108524,76.512821,0.000000,0.000000,0.000000,0.000000,0.000000,0.000000,0.000000,0.000000,340.858730,1648.464019,3729.004216,4642.485835,3699.732618,1690.389397,386.764560,16.120879,0.000000,0.000000,0.000000,0.000000,0.000000,0.000000,0.000000,0.000000,177.531136,1032.045985,2729.662808,4326.508972,4739.922834,3634.682454,1590.501594,326.025816,0.000000,0.000000,0.000000,0.000000,0.000000,0.000000,0.000000,0.000000,0.000000,322.415424,1578.748793,3624.343509,4575.951793,3649.058001,1597.523984
527.142857,324.395604,81.098901,0.000000,0.000000,0.000000,0.000000,0.000000,0.000000,0.000000,0.000000,0.000000,0.000000,0.000000,0.000000,0.000000,0.000000,0.000000,0.000000,0.000000,0.000000,0.000000,0.000000,0.000000,0.000000,0.000000,0.000000,0.000000,0.000000,0.000000,0.000000,0.000000,0.000000,0.000000,0.000000,0.000000,0.000000,0.000000,0.000000,0.000000,0.000000,0.000000,0.000000,0.000000,0.000000,0.000000,0.000000,0.000000,0.000000,0.000000,0.000000,0.000000,0.000000,0.000000,0.000000,0.000000,0.000000,0.000000,0.000000,0.000000,0.000000,0.000000,324.634636,1590.978688,3656.340863,4756.546160,4172.272467,2384.230315,821.248231,132.641026,0.000000,0.000000,0.000000,0.000000,0.000000,0.000000,0.000000,0.000000,184.787546,1077.283103,2855.747261,4498.595235,4901.838870,3747.198127,1639.767154,336.840397,0.000000,0.000000,0.000000,0.000000,0.000000,0.000000,0.000000,0.000000,0.000000,326.879103,1605.648634,3687.249168,4721.123111,3967.721271,2080.052456,616.426271,72.695971,0.000000,0.000000,0.000000,0.000000,0.000000,0.000000,0.000000,0.000000,324.435897,1590.746204,3651.964813,4981.820183,4965.022757,3692.918783,1696.339049,393.772700,18.981685,0.000000,0.000000,0.000000,0.000000,0.000000,0.000000,0.000000,92.967033,688.172009,2159.966830,3970.696111,4945.563682,4837.963179,3770.624147,2232.941115,829.450549,152.879121,0.000000,0.000000,0.000000,0.000000,0.000000,0.000000,0.000000,287.168498,1440.587349,3420.088513,4846.232748,5114.150170,4226.360380,2419.244019,834.776644,133.897436,0.000000,0.000000,0.000000,0.000000,0.000000,0.000000,0.000000,0.000000,327.894261,1603.775677,3678.324127,4636.665797,3681.751284,1606.867716,328.491525,0.000000,0.000000,0.000000,0.000000,0.000000,0.000000,0.000000,0.000000,0.000000,187.217949,1033.608072,2741.655501,4405.094009,4837.091342,3682.387272,1604.709638,327.757229,0.000000,0.000000,0.000000,0.000000,0.000000,0.000000,0.000000,0.000000,0.000000,326.067002,1596.529593,3674.973687,4666.869106,3740.616380,1645.097120
831.263736,527.142857,141.923077,0.000000,0.000000,0.000000,0.000000,0.000000,0.000000,0.000000,0.000000,0.000000,0.000000,0.000000,0.000000,0.000000,0.000000,0.000000,0.000000,0.000000,0.000000,0.000000,0.000000,0.000000,0.000000,0.000000,0.000000,0.000000,0.000000,0.000000,0.000000,0.000000,0.000000,0.000000,0.000000,0.000000,0.000000,0.000000,0.000000,0.000000,0.000000,0.000000,0.000000,0.000000,0.000000,0.000000,0.000000,0.000000,0.000000,0.000000,0.000000,0.000000,0.000000,0.000000,0.000000,0.000000,0.000000,0.000000,0.000000,0.000000,0.000000,0.000000,295.614611,1463.887172,3391.407420,4396.812266,3757.757004,2005.342806,611.991615,75.794872,0.000000,0.000000,0.000000,0.000000,0.000000,0.000000,0.000000,0.000000,243.637363,1248.658060,3045.466464,4453.245715,4654.868078,3492.306019,1523.243108,311.716572,0.000000,0.000000,0.000000,0.000000,0.000000,0.000000,0.000000,0.000000,0.000000,308.199433,1510.080107,3457.962120,4457.493800,3842.300737,2150.758664,717.942948,111.322344,0.000000,0.000000,0.000000,0.000000,0.000000,0.000000,0.000000,0.000000,280.534799,1399.990344,3294.323416,4595.471705,4640.914326,3423.907680,1486.913238,304.349034,0.000000,0.000000,0.000000,0.000000,0.000000,0.000000,0.000000,0.000000,162.692308,902.988197,2416.892859,3981.075786,4721.904198,4516.381378,3387.102449,1784.299475,560.131868,76.512821,0.000000,0.000000,0.000000,0.000000,0.000000,0.000000,0.000000,314.000000,1527.251089,3477.099223,4704.663799,4750.591639,3743.435153,1989.966009,609.856503,76.512821,0.000000,0.000000,0.000000,0.000000,0.000000,0.000000,0.000000,0.000000,292.742888,1452.831415,3370.144887,4297.838804,3439.105980,1507.394114,307.973145,0.000000,0.000000,0.000000,0.000000,0.000000,0.000000,0.000000,0.000000,0.000000,95.223443,695.534391,2151.103290,3875.059393,4474.632939,3461.013971,1506.436938,307.777026,0.000000,0.000000,0.000000,0.000000,0.000000,0.000000,0.000000,0.000000,0.000000,304.118415,1494.537541,3447.833298,4387.504294,3520.890894,1549.610567
527.142857,324.395604,81.098901,0.000000,0.000000,0.000000,0.000000,0.000000,0.000000,0.000000,0.000000,0.000000,0.000000,0.000000,0.000000,0.000000,0.000000,0.000000,0.000000,0.000000,0.000000,0.000000,0.000000,0.000000,0.000000,0.000000,0.000000,0.000000,0.000000,0.000000,0.000000,0.000000,0.000000,0.000000,0.000000,0.000000,0.000000,0.000000,0.000000,0.000000,0.000000,0.000000,0.000000,0.000000,0.000000,0.000000,0.000000,0.000000,0.000000,0.000000,0.000000,0.000000,0.000000,0.000000,0.000000,0.000000,0.000000,0.000000,0.000000,0.000000,0.000000,0.000000,257.792755,1267.611926,2927.410758,3740.564238,3051.788111,1436.046126,342.680192,18.948718,0.000000,0.000000,0.000000,0.000000,0.000000,0.000000,0.000000,0.000000,227.241758,1148.370632,2721.326394,3871.284034,3974.878127,2967.737613,1292.963804,264.658886,0.000000,0.000000,0.000000,0.000000,0.000000,0.000000,0.000000,0.000000,0.000000,259.146136,1273.236794,2922.583754,3785.002377,3340.366369,1968.298215,691.628965,108.849817,0.000000,0.000000,0.000000,0.000000,0.000000,0.000000,0.000000,0.000000,169.166667,949.694000,2440.433036,3688.503895,3929.212400,2978.832961,1301.437911,267.292813,0.000000,0.000000,0.000000,0.000000,0.000000,0.000000,0.000000,0.000000,92.967033,630.300051,1868.422043,3279.673612,3899.220996,3440.312057,2136.804263,861.273117,191.428571,19.128205,0.000000,0.000000,0.000000,0.000000,0.000000,0.000000,0.000000,222.307692,1123.727290,2684.628515,3822.970827,3951.534421,3004.648479,1404.344180,335.210158,19.128205,0.000000,0.000000,0.000000,0.000000,0.000000,0.000000,0.000000,0.000000,256.750201,1258.971492,2903.842310,3688.452675,2947.547638,1289.426555,263.786494,0.000000,0.000000,0.000000,0.000000,0.000000,0.000000,0.000000,0.000000,0.000000,33.010989,396.602151,1527.151630,3104.848546,3777.350278,2974.593156,1297.554597,265.035081,0.000000,0.000000,0.000000,0.000000,0.000000,0.000000,0.000000,0.000000,0.000000,259.997209,1276.091210,2940.306976,3731.289764,2985.508972,1308.432966
141.923077,81.098901,20.274725,0.000000,0.000000,0.000000,0.000000,0.000000,0.000000,0.000000,0.000000,0.000000,0.000000,0.000000,0.000000,0.000000,0.000000,0.000000,0.000000,0.000000,0.000000,0.000000,0.000000,0.000000,0.000000,0.000000,0.000000,0.000000,0.000000,0.000000,0.000000,0.000000,0.000000,0.000000,0.000000,0.000000,0.000000,0.000000,0.000000,0.000000,0.000000,0.000000,0.000000,0.000000,0.000000,0.000000,0.000000,0.000000,0.000000,0.000000,0.000000,0.000000,0.000000,0.000000,0.000000,0.000000,0.000000,0.000000,0.000000,0.000000,0.000000,0.000000,216.358027,1058.088894,2428.009121,3072.085328,2473.036791,1122.078119,249.982738,7.871795,0.000000,0.000000,0.000000,0.000000,0.000000,0.000000,0.000000,0.000000,151.434676,804.405736,2017.700179,3010.705650,3208.661325,2460.341001,1115.927758,248.363199,7.871795,0.000000,0.000000,0.000000,0.000000,0.000000,0.000000,0.000000,0.000000,211.798831,1036.415070,2378.542433,3099.781139,2777.256736,1676.244996,611.239483,106.377289,0.000000,0.000000,0.000000,0.000000,0.000000,0.000000,0.000000,0.000000,139.750916,754.709013,1936.498502,2986.370764,3222.754991,2459.285342,1076.921367,221.136214,0.000000,0.000000,0.000000,0.000000,0.000000,0.000000,0.000000,0.000000,23.241758,297.669801,1174.485705,2440.711933,3046.949459,2504.722521,1218.919518,308.137157,22.842491,0.000000,0.000000,0.000000,0.000000,0.000000,0.000000,0.000000,0.000000,99.545788,613.198639,1717.475282,2813.546834,3146.191631,2429.777980,1063.550707,218.285994,0.000000,0.000000,0.000000,0.000000,0.000000,0.000000,0.000000,0.000000,0.000000,213.916095,1048.804893,2408.957112,3051.699603,2463.275409,1124.773694,253.514952,9.003663,0.000000,0.000000,0.000000,0.000000,0.000000,0.000000,0.000000,0.000000,46.274725,398.721236,1354.427241,2606.000232,3121.008023,2470.255734,1085.278426,222.988968,0.000000,0.000000,0.000000,0.000000,0.000000,0.000000,0.000000,0.000000,0.000000,210.493481,1033.264479,2381.557258,3026.489560,2443.756131,1108.820691
0.000000,0.000000,0.000000,0.000000,0.000000,0.000000,0.000000,0.000000,0.000000,0.000000,0.000000,0.000000,0.000000,0.000000,0.000000,0.000000,0.000000,0.000000,0.000000,0.000000,0.000000,0.000000,0.000000,0.000000,0.000000,0.000000,0.000000,0.000000,0.000000,0.000000,0.000000,0.000000,0.000000,0.000000,0.000000,0.000000,0.000000,0.000000,0.000000,0.000000,0.000000,0.000000,0.000000,0.000000,0.000000,0.000000,0.000000,0.000000,0.000000,0.000000,0.000000,0.000000,0.000000,0.000000,0.000000,0.000000,0.000000,0.000000,0.000000,0.000000,0.000000,0.000000,179.751765,881.694792,2027.134709,2600.950079,2195.350069,1141.046781,333.181952,37.619048,0.000000,0.000000,0.000000,0.000000,0.000000,0.000000,0.000000,0.000000,102.603175,590.373444,1561.621491,2437.251577,2707.086583,2205.063290,1149.386547,370.105395,63.208791,7.930403,0.000000,0.000000,0.000000,0.000000,0.000000,0.000000,0.000000,182.721716,888.689931,2027.603308,2592.919388,2228.970777,1224.422202,391.844173,52.776557,0.000000,0.000000,0.000000,0.000000,0.000000,0.000000,0.000000,0.000000,108.199634,598.314949,1558.212178,2467.564398,2696.949557,2067.785216,905.736774,186.021426,0.000000,0.000000,0.000000,0.000000,0.000000,0.000000,0.000000,0.000000,0.000000,163.578164,817.643290,1923.200198,2491.589034,2023.009538,892.556274,183.048818,0.000000,0.000000,0.000000,0.000000,0.000000,0.000000,0.000000,0.000000,0.000000,83.915751,516.857162,1442.662521,2371.662641,2668.236945,2091.550845,951.380304,245.443995,31.721612,7.930403,0.000000,0.000000,0.000000,0.000000,0.000000,0.000000,0.000000,181.818112,888.588953,2040.978779,2614.461493,2203.807666,1136.385994,329.286379,36.014652,0.000000,0.000000,0.000000,0.000000,0.000000,0.000000,0.000000,0.000000,110.280220,603.103688,1562.378771,2464.529669,2723.213643,2124.733221,944.333753,196.236741,0.000000,0.000000,0.000000,0.000000,0.000000,0.000000,0.000000,0.000000,0.000000,173.278766,854.175178,1975.387771,2542.036226,2135.304859,1081.074025
0.000000,0.000000,0.000000,0.000000,0.000000,0.000000,0.000000,0.000000,0.000000,0.000000,0.000000,0.000000,0.000000,0.000000,0.000000,0.000000,0.000000,0.000000,0.000000,0.000000,0.000000,0.000000,0.000000,0.000000,0.000000,0.000000,0.000000,0.000000,0.000000,0.000000,0.000000,0.000000,0.000000,0.000000,0.000000,0.000000,0.000000,0.000000,0.000000,0.000000,0.000000,0.000000,0.000000,0.000000,0.000000,0.000000,0.000000,0.000000,0.000000,0.000000,0.000000,0.000000,0.000000,0.000000,0.000000,0.000000,0.000000,0.000000,0.000000,0.000000,0.000000,0.000000,147.004518,727.950935,1697.384080,2266.456406,2068.340117,1259.706094,462.203416,79.630037,0.000000,0.000000,0.000000,0.000000,0.000000,0.000000,0.000000,0.000000,138.339438,688.575891,1617.978345,2279.294701,2424.252324,2047.962204,1254.866553,578.070101,181.989011,31.721612,0.000000,0.000000,0.000000,0.000000,0.000000,0.000000,0.000000,163.332365,789.589407,1789.339341,2241.469810,1817.580655,866.936918,224.498357,35.963370,13.010989,3.252747,0.000000,0.000000,0.000000,0.000000,0.000000,0.000000,54.380952,376.693861,1139.488082,1995.119939,2297.994514,1797.445251,800.655194,184.688783,13.010989,3.252747,0.000000,0.000000,0.000000,0.000000,0.000000,0.000000,0.000000,143.503460,714.963742,1671.777150,2156.324207,1748.217089,773.359500,159.129159,0.000000,0.000000,0.000000,0.000000,0.000000,0.000000,0.000000,0.000000,0.000000,139.846154,686.557125,1607.436248,2290.230127,2382.132079,1849.180858,934.896355,374.391460,126.886447,31.721612,0.000000,0.000000,0.000000,0.000000,0.000000,0.000000,0.000000,153.800219,755.356283,1741.700227,2276.582791,2006.922177,1147.333303,393.738838,63.025641,0.000000,0.000000,0.000000,0.000000,0.000000,0.000000,0.000000,0.000000,135.109890,678.036952,1600.168533,2288.487924,2402.280541,1854.177582,829.499771,173.509913,0.000000,0.000000,0.000000,0.000000,0.000000,0.000000,0.000000,0.000000,0.000000,150.502340,738.322070,1702.122307,2216.134558,1931.818851,1073.558846
0.000000,0.000000,0.000000,0.000000,0.000000,0.000000,0.000000,0.000000,0.000000,0.000000,0.000000,0.000000,0.000000,0.000000,0.000000,0.000000,0.000000,0.000000,0.000000,0.000000,0.000000,0.000000,0.000000,0.000000,0.000000,0.000000,0.000000,0.000000,0.000000,0.000000,0.000000,0.000000,0.000000,0.000000,0.000000,0.000000,0.000000,0.000000,0.000000,0.000000,0.000000,0.000000,0.000000,0.000000,0.000000,0.000000,0.000000,0.000000,0.000000,0.000000,0.000000,0.000000,0.000000,0.000000,0.000000,0.000000,0.000000,0.000000,0.000000,0.000000,0.000000,0.000000,105.613222,538.659348,1287.451396,1776.408373,1681.963767,1077.832662,413.234361,74.410256,0.000000,0.000000,0.000000,0.000000,0.000000,0.000000,0.000000,0.000000,154.877900,713.414662,1541.806608,1977.882812,1969.808276,1640.648619,1064.254659,587.717216,237.677656,55.512821,0.000000,0.000000,0.000000,0.000000,0.000000,0.000000,0.000000,132.938741,638.406200,1439.201800,1788.577032,1417.211972,634.464153,180.322858,84.571429,52.043956,13.010989,0.000000,0.000000,0.000000,0.000000,0.000000,0.000000,39.419414,284.380624,876.914088,1570.766719,1834.014355,1460.303936,693.559689,217.743747,52.043956,13.010989,0.000000,0.000000,0.000000,0.000000,0.000000,0.000000,0.000000,129.143162,622.190951,1411.048662,1769.158072,1406.930784,617.330311,127.407118,0.000000,0.000000,0.000000,0.000000,0.000000,0.000000,0.000000,0.000000,0.000000,122.461538,596.606915,1360.991621,1859.383669,1885.759035,1481.215014,839.798456,457.082695,206.190476,55.512821,0.000000,0.000000,0.000000,0.000000,0.000000,0.000000,0.000000,118.781569,586.612547,1357.100577,1766.764562,1532.021974,844.316755,269.194920,36.014652,0.000000,0.000000,0.000000,0.000000,0.000000,0.000000,0.000000,0.000000,103.214286,522.446244,1251.102466,1804.340374,1903.625205,1468.313798,656.035019,136.904352,0.000000,0.000000,0.000000,0.000000,0.000000,0.000000,0.000000,0.000000,0.000000,122.594395,598.610432,1372.459739,1768.969381,1512.631202,809.670817
0.000000,0.000000,0.000000,0.000000,0.000000,0.000000,0.000000,0.000000,0.000000,0.000000,0.000000,0.000000,0.000000,0.000000,0.000000,0.000000,0.000000,0.000000,0.000000,0.000000,0.000000,0.000000,0.000000,0.000000,0.000000,0.000000,0.000000,0.000000,0.000000,0.000000,0.000000,0.000000,0.000000,0.000000,0.000000,0.000000,0.000000,0.000000,0.000000,0.000000,0.000000,0.000000,0.000000,0.000000,0.000000,0.000000,0.000000,0.000000,0.000000,0.000000,0.000000,0.000000,0.000000,0.000000,0.000000,0.000000,0.000000,0.000000,0.000000,0.000000,0.000000,0.000000,63.647567,325.025730,783.469948,1077.744547,990.259400,596.135789,207.569433,32.399267,0.000000,0.000000,0.000000,0.000000,0.000000,0.000000,0.000000,0.000000,93.178266,442.182274,969.026255,1235.398864,1224.743050,988.556348,598.068148,325.181792,134.758242,31.721612,0.000000,0.000000,0.000000,0.000000,0.000000,0.000000,0.000000,81.927045,393.662176,891.576735,1112.618368,889.328576,415.471890,166.508115,133.362637,84.571429,22.769231,0.000000,0.000000,0.000000,0.000000,0.000000,0.000000,53.692308,276.908943,692.823092,1074.896916,1178.004227,942.736052,496.761566,219.865334,84.571429,22.769231,0.000000,0.000000,0.000000,0.000000,0.000000,0.000000,0.000000,88.422059,420.323989,934.826460,1141.029133,889.016894,384.943118,79.059021,0.000000,0.000000,0.000000,0.000000,0.000000,0.000000,0.000000,0.000000,0.000000,50.923077,278.824108,704.871612,1044.180400,1113.895098,885.338710,502.398744,283.580198,126.886447,31.721612,0.000000,0.000000,0.000000,0.000000,0.000000,0.000000,0.000000,75.074644,366.625306,843.868929,1080.122847,892.576246,438.451018,113.159058,9.003663,0.000000,0.000000,0.000000,0.000000,0.000000,0.000000,0.000000,0.000000,41.564103,245.404725,658.617157,1047.376290,1163.533579,912.276156,406.358642,85.013102,0.000000,0.000000,0.000000,0.000000,0.000000,0.000000,0.000000,0.000000,0.000000,78.011236,380.270346,872.163389,1110.394807,912.463409,440.858674
